{
  "openai": 0,
  "claude": 0.08555999999999998,
  "gemini": 0.61608615,
  "kimi": 4.751951600000001,
  "deepseek": 0,
  "grok": 0,
  "lastReset": "2026-02-12T21:37:00Z",
  "note": "Kimi balance updated to $22 remaining"
}