{
  "openai": 0,
  "claude": 0.02139,
  "gemini": 1.0935393750000004,
  "kimi": 7.516989700000013,
  "deepseek": 0,
  "grok": 0,
  "lastReset": "2026-02-12T21:37:00Z",
  "note": "Claude balance synced to $20.53, Kimi to $22"
}